ADM3_EN,ADM3_PCODE,ADM2_EN,ADM2_PCODE,ADM1_EN,ADM1_PCODE,Population_Weighted_RWI,Total_Population
Awaran,PK20101,Awaran,PK201,Balochistan,PK2,-0.3239928466535833,29587.916781812906
Jhal Jhao,PK20102,Awaran,PK201,Balochistan,PK2,-0.048971365708100754,65795.6644797884
Mashkai,PK20103,Awaran,PK201,Balochistan,PK2,-0.035377330180528875,26151.347728423774
Gishekore,PK20104,Awaran,PK201,Balochistan,PK2,-0.01319687225010058,22988.947383522987
Ormara,PK20503,Gwadar,PK205,Balochistan,PK2,-0.012332652593560164,31147.237379275262
Pasni,PK20504,Gwadar,PK205,Balochistan,PK2,-0.22414729055695898,48145.07148286328
Kech (Turbat),PK21103,Kech,PK211,Balochistan,PK2,0.16519910334175192,284160.1404846981
Naal,PK21303,Khuzdar,PK213,Balochistan,PK2,-0.21049277562655427,96104.941317074
Wadh,PK21304,Khuzdar,PK213,Balochistan,PK2,-0.25913061158737477,126294.26394568384
Bela,PK21701,Lasbela,PK217,Balochistan,PK2,-0.26335983195710544,103284.10337305069
Uthal,PK21707,Lasbela,PK217,Balochistan,PK2,-0.1424387063352876,61889.05584069155
Lakhra,PK21708,Lasbela,PK217,Balochistan,PK2,-0.5178260121770417,4232.310956180096
Lairi,PK21709,Lasbela,PK217,Balochistan,PK2,-0.13460813887608097,1990.741056919098
Gowargo,PK22401,Panjgur,PK224,Balochistan,PK2,-0.21036773075338489,10946.722729489207
Jaheen Parome,PK22402,Panjgur,PK224,Balochistan,PK2,-0.1271742132627514,12774.328884035349
Panjgur,PK22403,Panjgur,PK224,Balochistan,PK2,0.6325242903116304,246634.1586398352
Gichk,PK22404,Panjgur,PK224,Balochistan,PK2,-0.09085506226914324,2463.224562929943
Washuk,PK23003,Washuk,PK230,Balochistan,PK2,0.2804699999141688,30591.9884110149
Nag,PK23004,Washuk,PK230,Balochistan,PK2,-0.04498195558846844,38775.04164329171
Barkhan,PK20201,Barkhan,PK202,Balochistan,PK2,-0.2681760045042493,74314.56539646536
Rakhni,PK20202,Barkhan,PK202,Balochistan,PK2,-0.3667524363064298,51597.07289625704
Phelawagh,PK20402,Dera Bugti,PK204,Balochistan,PK2,0.06150234346267476,69436.30089084059
Kahan,PK21601,Kohlu,PK216,Balochistan,PK2,-0.10892613752302421,32872.144380405545
Kohlu,PK21602,Kohlu,PK216,Balochistan,PK2,-0.10838686415177463,60220.34792905301
Mawand,PK21603,Kohlu,PK216,Balochistan,PK2,-0.31954672431626174,29531.77399046719
Mekhtar,PK21902,Loralai,PK219,Balochistan,PK2,-0.17963676617802382,25964.55729688704
Kingri,PK22102,Musakhel,PK221,Balochistan,PK2,-0.2257685051814884,22176.63022440672
Duki,PK23401,Duki,PK234,Balochistan,PK2,-0.46606616309430793,142416.14320846274
D.G Khan (Tribal Area),PK60701,Dera Ghazi Khan,PK607,Punjab,PK6,-0.328551055294956,213313.8477597274
Jampur,PK62901,Rajanpur,PK629,Punjab,PK6,-0.03840585846892004,801389.3366083261
Rajanpur (Tribal Area),PK62903,Rajanpur,PK629,Punjab,PK6,0.1867254098383449,93402.37988422811
Dalbandin,PK20301,Chagai,PK203,Balochistan,PK2,-0.09525189246768981,76925.17292887904
Nokkundi,PK20302,Chagai,PK203,Balochistan,PK2,-0.13164035395766863,9721.925362478942
Taftan,PK20303,Chagai,PK203,Balochistan,PK2,0.012501424686478307,18139.558346629143
Chagai,PK20304,Chagai,PK203,Balochistan,PK2,-0.2555791165187458,30107.490182567388
Kharan,PK21201,Kharan,PK212,Balochistan,PK2,-0.07173849656821933,64676.794307626784
Sar Kharan,PK21202,Kharan,PK212,Balochistan,PK2,-0.14563827076956765,8071.27733707428
Tomulk,PK21203,Kharan,PK212,Balochistan,PK2,-0.06933352316735869,62994.8035155721
Nushki,PK22301,Nushki,PK223,Balochistan,PK2,0.14910045251367893,121347.24076680653
Mashkhel,PK23001,Washuk,PK230,Balochistan,PK2,0.025710764879091682,30903.20383566618
Basima,PK23002,Washuk,PK230,Balochistan,PK2,-0.16347090737439698,28933.09607798606
Shaogari,PK23005,Washuk,PK230,Balochistan,PK2,-0.18445162235984927,7361.252684894949
Dera Bugti,PK20401,Dera Bugti,PK204,Balochistan,PK2,0.22772875082498029,66082.39616674557
Sui,PK20403,Dera Bugti,PK204,Balochistan,PK2,0.251249376308162,88083.0967485942
Jhat Pat,PK20702,Jaffarabad,PK207,Balochistan,PK2,-0.18667398257404025,205599.9303444773
Lehri,PK21802,Lehri,PK218,Balochistan,PK2,-0.12880348171464762,40319.72256708145
Chattar,PK22201,Nasirabad,PK222,Balochistan,PK2,-0.41252754841263006,59996.74254666641
Dera Murad Jamali,PK22202,Nasirabad,PK222,Balochistan,PK2,-0.20770740788741776,157472.76268866286
Sibi,PK22801,Sibi,PK228,Balochistan,PK2,0.4891780660867746,127173.17665188015
Sohbatpur,PK22901,Sohbatpur,PK229,Balochistan,PK2,-0.4052495410820882,115314.25211644545
Rojhan,PK62904,Rajanpur,PK629,Punjab,PK6,-0.2357403074431333,346674.64788820036
Kashmore,PK71002,Kashmore,PK710,Sindh,PK7,-0.0964176684944719,356866.43418391794
Tangwani,PK71003,Kashmore,PK710,Sindh,PK7,-0.3249903622578237,285852.2829616405
Gwadar,PK20501,Gwadar,PK205,Balochistan,PK2,0.5154673062404933,110083.18214496225
Jiwani,PK20502,Gwadar,PK205,Balochistan,PK2,0.3490790495856434,7232.967052750289
Sunster,PK20505,Gwadar,PK205,Balochistan,PK2,-0.1218789294167028,4138.508182324469
Dasht,PK21102,Kech,PK211,Balochistan,PK2,-0.10100166090680213,27089.577095471323
Mand,PK21104,Kech,PK211,Balochistan,PK2,-0.26208418913096654,56705.19339683652
Harnai,PK20601,Harnai,PK206,Balochistan,PK2,-0.09295282349963359,56691.17458919063
Shahrigh,PK20602,Harnai,PK206,Balochistan,PK2,-0.2260634467073481,38507.93614397198
Mach,PK20902,Kachhi,PK209,Balochistan,PK2,-0.014761358751871703,37363.804425261915
Loralai,PK21901,Loralai,PK219,Balochistan,PK2,0.25816396931866425,139144.80300237238
Dasht Spenzend,PK22001,Mastung,PK220,Balochistan,PK2,-0.3134225443056556,24966.158386163414
Quetta City,PK22602,Quetta,PK226,Balochistan,PK2,0.9262539785632258,948178.8743704818
Quetta Saddar,PK22603,Quetta,PK226,Balochistan,PK2,0.5557883917028804,154507.05431264825
Sinjawi,PK23201,Ziarat,PK232,Balochistan,PK2,-0.2742907988613001,57509.50057205185
Ziarat,PK23202,Ziarat,PK232,Balochistan,PK2,-0.24663186011157834,40979.56834511086
Gandakha,PK20701,Jaffarabad,PK207,Balochistan,PK2,-0.4120161032966082,37121.60396223888
Usta Mohammad,PK20703,Jaffarabad,PK207,Balochistan,PK2,0.07427953163450819,140342.68940311484
Gandawa,PK20801,Jhal Magsi,PK208,Balochistan,PK2,-0.35324727459527766,56999.180154681206
Jhal Magsi,PK20802,Jhal Magsi,PK208,Balochistan,PK2,-0.2821750172283281,77712.27815308794
Tamboo,PK22203,Nasirabad,PK222,Balochistan,PK2,-0.391480041601993,84312.46766840108
Garhi Khairo,PK70701,Jacobabad,PK707,Sindh,PK7,-0.50843611240343,203851.99600698054
Jacobabad,PK70702,Jacobabad,PK707,Sindh,PK7,0.04553741575993534,432103.7143882513
Qubo Saeed Khan,PK70904,Kambar Shahdad Kot,PK709,Sindh,PK7,-0.34267210766181533,59850.846402535215
Shahdad Kot,PK70905,Kambar Shahdad Kot,PK709,Sindh,PK7,-0.15699167776249026,244090.44002072327
Rato Dero,PK71304,Larkana,PK713,Sindh,PK7,-0.08259611892120823,361292.82017508894
Garhi Yasin,PK72001,Shikarpur,PK720,Sindh,PK7,-0.2645832838165049,369324.2600146979
Shikarpur,PK72004,Shikarpur,PK720,Sindh,PK7,0.43479958284643816,424447.2726697996
Sanni,PK20903,Kachhi,PK209,Balochistan,PK2,-0.27885361482345145,75932.18444997817
Kalat,PK21001,Kalat,PK210,Balochistan,PK2,0.1693716395145898,121458.14486127347
Khuzdar,PK21301,Khuzdar,PK213,Balochistan,PK2,0.10172384730070695,224654.68028787524
Mola,PK21302,Khuzdar,PK213,Balochistan,PK2,-0.341103621785726,37099.29784787819
Zehri,PK21305,Khuzdar,PK213,Balochistan,PK2,-0.26692279970348437,30691.261376671493
Bhag,PK21801,Lehri,PK218,Balochistan,PK2,-0.10239110455181534,68975.32501292974
Dhadar,PK20901,Kachhi,PK209,Balochistan,PK2,-0.14747387852785943,58106.62922681868
Balanari,PK20904,Kachhi,PK209,Balochistan,PK2,-0.3286321821729087,46128.5672506541
Khattan,PK20905,Kachhi,PK209,Balochistan,PK2,-0.3354089231963909,27182.68469311297
Khaliqabad,PK21002,Kalat,PK210,Balochistan,PK2,-0.25576766753934876,55822.201287440956
Kirdgap,PK22002,Mastung,PK220,Balochistan,PK2,-0.36543041525674086,19404.21417001821
Mastung,PK22003,Mastung,PK220,Balochistan,PK2,0.06649215649020314,134701.47917637601
Surab,PK23301,Shaheed Sikandarabad,PK233,Balochistan,PK2,-0.12093927522862123,114429.02989262342
Buleda,PK21101,Kech,PK211,Balochistan,PK2,-0.17946507658772914,87939.55482709408
Tump,PK21105,Kech,PK211,Balochistan,PK2,-0.0966310805068149,48866.57956175506
Dureji,PK21702,Lasbela,PK217,Balochistan,PK2,-0.20706809071920249,37397.79320210405
Kanraj,PK21705,Lasbela,PK217,Balochistan,PK2,-0.22061083192465233,9143.894309997559
Johi,PK70302,Dadu,PK703,Sindh,PK7,-0.09044087837759017,343694.8185953945
Khairpur Nathan Shah,PK70303,Dadu,PK703,Sindh,PK7,-0.06523150734804536,406991.6611097492
Thano Bula Khan,PK70804,Jamshoro,PK708,Sindh,PK7,-0.08472360370049431,164214.21185218915
Qambar Ali Khan,PK70903,Kambar Shahdad Kot,PK709,Sindh,PK7,0.03031531797205505,400785.7505261861
Dobandi,PK21402,Killa Abdullah,PK214,Balochistan,PK2,-0.29575778705501155,24575.5556919612
Gulistan,PK21403,Killa Abdullah,PK214,Balochistan,PK2,-0.42219109194639215,7017.917216960341
Killa Abdullah,PK21404,Killa Abdullah,PK214,Balochistan,PK2,-0.06657181171855824,169468.06105103157
Barshore,PK22501,Pishin,PK225,Balochistan,PK2,-0.2099641279726081,116177.3008422982
Huramzai,PK22502,Pishin,PK225,Balochistan,PK2,-0.1330759192410801,30693.332258308306
Karezat,PK22503,Pishin,PK225,Balochistan,PK2,-0.043573380187169976,92504.34821286611
Pishin,PK22504,Pishin,PK225,Balochistan,PK2,0.09410197081188812,184497.68922119215
Saranan,PK22505,Pishin,PK225,Balochistan,PK2,-0.17157413611051914,81802.5731258709
Panjpai,PK22601,Quetta,PK226,Balochistan,PK2,-0.22715451935546088,7202.566697133705
Chaman,PK23501,Chaman,PK235,Balochistan,PK2,0.153550958539674,255844.60131456144
Killa Saifullah,PK21501,Killa Saifullah,PK215,Balochistan,PK2,-0.37497756837637586,121211.57047244906
Muslim Bagh,PK21502,Killa Saifullah,PK215,Balochistan,PK2,-0.0068526134494052695,116707.13464932516
Kakar Khurasan,PK23101,Zhob,PK231,Balochistan,PK2,-0.2092161403601661,29600.504767823964
Zhob,PK23102,Zhob,PK231,Balochistan,PK2,0.12309370737330483,215905.47164598852
Gaddani,PK21703,Lasbela,PK217,Balochistan,PK2,0.13112793392464198,72136.70127402246
Hub,PK21704,Lasbela,PK217,Balochistan,PK2,0.26165947824551683,63326.178493076935
Sonmiani,PK21706,Lasbela,PK217,Balochistan,PK2,0.014457878055490049,23295.524851666763
Gulberg Town,PK70201,Central Karachi,PK702,Sindh,PK7,1.1815836291265958,1145115.7132327259
Liaqatabad Town,PK70202,Central Karachi,PK702,Sindh,PK7,1.0619108258103032,639947.1674115658
New Karachi Town,PK70203,Central Karachi,PK702,Sindh,PK7,1.2202698913952785,1177437.4678806067
North Nazimabad Town,PK70204,Central Karachi,PK702,Sindh,PK7,1.0369930444820823,1037404.2122776508
Gulshan Iqbal Town,PK70401,East Karachi,PK704,Sindh,PK7,0.9157042338294996,716668.7057399265
Jamshaid Town,PK70402,East Karachi,PK704,Sindh,PK7,1.059246438364738,2908030.432027053
Bin Qasim Town,PK71401,Malir Karachi,PK714,Sindh,PK7,0.7957770369288987,616693.874866575
Gadap Town,PK71402,Malir Karachi,PK714,Sindh,PK7,0.29540144835413307,417217.8734377306
Malir Town,PK71403,Malir Karachi,PK714,Sindh,PK7,1.281047099657725,372620.8908214271
Kemari Town,PK72101,South Karachi,PK721,Sindh,PK7,0.5562799237180163,288731.0370038077
Baldia Town,PK72901,West Karachi,PK729,Sindh,PK7,1.1166571046704654,603560.9457052276
Orangi Town,PK72902,West Karachi,PK729,Sindh,PK7,0.9148182098127225,1899757.7172218598
Site Town,PK72903,West Karachi,PK729,Sindh,PK7,0.9152390929306081,1080179.7935799398
Drug,PK22101,Musakhel,PK221,Balochistan,PK2,-0.31204348400643317,90536.51223219559
Musakhel,PK22103,Musakhel,PK221,Balochistan,PK2,-0.26596208554227085,47156.73710177839
Sherani,PK22701,Sherani,PK227,Balochistan,PK2,-0.246510914573455,112788.00907152332
Darazinda,PK50906,D. I. Khan,PK509,Khyber Pakhtunkhwa,PK5,-0.110417327834969,56590.22990400344
Toi Khulla,PK53007,South Waziristan,PK530,Khyber Pakhtunkhwa,PK5,-0.23618461575775826,40333.94687164016
Wana,PK53008,South Waziristan,PK530,Khyber Pakhtunkhwa,PK5,0.22388549045165862,131646.83968686312
Thul,PK70703,Jacobabad,PK707,Sindh,PK7,-0.17850684756666405,549563.7991519682
Islamabad,PK40101,Islamabad,PK401,Islamabad,PK4,0.8298284552232957,1991632.858385242
Khanpur,PK51103,Haripur,PK511,Khyber Pakhtunkhwa,PK5,0.158253605620716,183555.91293821856
Fateh Jang,PK60102,Attock,PK601,Punjab,PK6,0.1643480023310936,365159.4291899875
Hasan Abdal,PK60103,Attock,PK601,Punjab,PK6,0.5270334467306019,233212.9021820333
Kahuta,PK63002,Rawalpindi,PK630,Punjab,PK6,0.14387831116910915,277887.12103221286
Kallar Sayaddan,PK63003,Rawalpindi,PK630,Punjab,PK6,0.20269363399224433,246813.1872118814
Kotli Sattian,PK63004,Rawalpindi,PK630,Punjab,PK6,0.03852759528828582,108611.55876037292
Murree,PK63005,Rawalpindi,PK630,Punjab,PK6,0.3780660449409024,305836.64824953675
Rawalpindi,PK63006,Rawalpindi,PK630,Punjab,PK6,0.9659045813070108,3145431.100297847
Taxila,PK63007,Rawalpindi,PK630,Punjab,PK6,0.7562228965764863,595531.0312909773
Abbottabad,PK50101,Abbottabad,PK501,Khyber Pakhtunkhwa,PK5,0.6626492394664953,1054839.2846072502
Havelian,PK50102,Abbottabad,PK501,Khyber Pakhtunkhwa,PK5,0.3265671601356502,265573.81833593175
Lora,PK50103,Abbottabad,PK501,Khyber Pakhtunkhwa,PK5,-0.0009033374559004058,92751.02504165657
Lower Tanawal,PK50104,Abbottabad,PK501,Khyber Pakhtunkhwa,PK5,-0.005983628557766947,78116.2697541751
Haripur,PK51102,Haripur,PK511,Khyber Pakhtunkhwa,PK5,0.5588254921512773,866666.0828662869
Bala Kot,PK52201,Mansehra,PK522,Khyber Pakhtunkhwa,PK5,0.25482275254762804,361723.76795121655
Mansehra,PK52202,Mansehra,PK522,Khyber Pakhtunkhwa,PK5,0.3904334984475459,787574.6266288776
Oghi,PK52203,Mansehra,PK522,Khyber Pakhtunkhwa,PK5,0.21382615269507274,271775.0895812083
Baffa Pakhal,PK52204,Mansehra,PK522,Khyber Pakhtunkhwa,PK5,0.23846139898370336,222780.53571397625
Bar Chamarkand,PK50201,Bajaur,PK502,Khyber Pakhtunkhwa,PK5,0.0,1008.5973448362201
Barang,PK50202,Bajaur,PK502,Khyber Pakhtunkhwa,PK5,-0.23858401649623434,71740.0975993108
Khar,PK50203,Bajaur,PK502,Khyber Pakhtunkhwa,PK5,0.03993871496842568,176025.09563839622
Mamund,PK50204,Bajaur,PK502,Khyber Pakhtunkhwa,PK5,-0.1640810440109811,238262.54515289515
Nawagai,PK50205,Bajaur,PK502,Khyber Pakhtunkhwa,PK5,-0.1316528268155606,62066.56979277544
Salarzai,PK50206,Bajaur,PK502,Khyber Pakhtunkhwa,PK5,-0.23966255706315562,218806.18974664435
Utman Khel,PK50207,Bajaur,PK502,Khyber Pakhtunkhwa,PK5,-0.261386254965647,65027.765643853694
Balambat,PK52002,Lower Dir,PK520,Khyber Pakhtunkhwa,PK5,0.15258712446781736,237046.16885920055
Lalqila,PK52003,Lower Dir,PK520,Khyber Pakhtunkhwa,PK5,0.0005234672852911498,149224.71703609452
Munda,PK52004,Lower Dir,PK520,Khyber Pakhtunkhwa,PK5,0.12190084454960837,100675.2279091794
Samarbagh,PK52005,Lower Dir,PK520,Khyber Pakhtunkhwa,PK5,-0.05202499879814763,248379.7281072922
Timergara,PK52006,Lower Dir,PK520,Khyber Pakhtunkhwa,PK5,0.2866143472015036,229969.05149912648
Bat Khela,PK52101,Malakand,PK521,Khyber Pakhtunkhwa,PK5,0.24947605245753976,471120.3447201103
Dargai,PK52102,Malakand,PK521,Khyber Pakhtunkhwa,PK5,0.33437402311486053,298651.3042962048
Ambar,PK52401,Mohmand,PK524,Khyber Pakhtunkhwa,PK5,-0.38945176172609103,33105.60650925338
Baizai,PK52402,Mohmand,PK524,Khyber Pakhtunkhwa,PK5,-0.35245996769340593,111254.64987456053
Pandiali,PK52405,Mohmand,PK524,Khyber Pakhtunkhwa,PK5,-0.29303067935895116,129231.1049447842
Prang Ghar,PK52406,Mohmand,PK524,Khyber Pakhtunkhwa,PK5,-0.41714130213500855,27572.4254686106
Safi,PK52407,Mohmand,PK524,Khyber Pakhtunkhwa,PK5,-0.06965615332213598,102341.15828335471
Bannu,PK50301,Bannu,PK503,Khyber Pakhtunkhwa,PK5,0.3192469569023168,604535.2142628729
Baka Khel,PK50302,Bannu,PK503,Khyber Pakhtunkhwa,PK5,-0.09271566251844879,174392.52484729886
Domel,PK50303,Bannu,PK503,Khyber Pakhtunkhwa,PK5,0.007483747569915888,251305.11430935562
Kakki,PK50304,Bannu,PK503,Khyber Pakhtunkhwa,PK5,0.14834674140128132,61944.71583545953
Miryan,PK50305,Bannu,PK503,Khyber Pakhtunkhwa,PK5,0.0028448875614955314,135058.39826917648
Wazir,PK50306,Bannu,PK503,Khyber Pakhtunkhwa,PK5,-0.3618325542355603,34279.839170116
Tall,PK51002,Hangu,PK510,Khyber Pakhtunkhwa,PK5,-0.14556333182880152,285243.39497335255
Banda Daud Shah,PK51201,Karak,PK512,Khyber Pakhtunkhwa,PK5,-0.07388963537209967,174430.80452606082
Karak,PK51202,Karak,PK512,Khyber Pakhtunkhwa,PK5,0.08633100546162245,279565.9536058977
Takht-E-Nasrati,PK51203,Karak,PK512,Khyber Pakhtunkhwa,PK5,0.04309193772635877,299289.1582588479
Lakki Marwat,PK51901,Lakki Marwat,PK519,Khyber Pakhtunkhwa,PK5,-0.09468108923037898,598160.0999351125
Sarai Naurang,PK51902,Lakki Marwat,PK519,Khyber Pakhtunkhwa,PK5,-0.03765284598106575,208790.41361488774
Bettani,PK51903,Lakki Marwat,PK519,Khyber Pakhtunkhwa,PK5,-0.3860226380642586,12060.75460562855
Garyum,PK52503,North Waziristan,PK525,Khyber Pakhtunkhwa,PK5,-0.2891793315972879,11584.839423939586
Mir Ali,PK52505,North Waziristan,PK525,Khyber Pakhtunkhwa,PK5,-0.2245238376560128,99567.50530829374
Shewa,PK52508,North Waziristan,PK525,Khyber Pakhtunkhwa,PK5,-0.05158902632669058,39773.664256736636
Spinwam,PK52509,North Waziristan,PK525,Khyber Pakhtunkhwa,PK5,-0.21919225934020686,35147.10704569146
Sararogha,PK53004,South Waziristan,PK530,Khyber Pakhtunkhwa,PK5,-0.22831206679173308,106712.05152457021
Allai,PK50401,Batagram,PK504,Khyber Pakhtunkhwa,PK5,-0.19358518404196032,210683.0116402302
Batagram,PK50402,Batagram,PK504,Khyber Pakhtunkhwa,PK5,0.07753111675207987,330220.0517240055
Palas,PK51701,Kolai Palas Kohistan,PK517,Khyber Pakhtunkhwa,PK5,-0.43307446596544236,205461.6261395961
Battera Kolai,PK51702,Kolai Palas Kohistan,PK517,Khyber Pakhtunkhwa,PK5,-0.16628458301323668,71292.27316848934
Bisham,PK52902,Shangla,PK529,Khyber Pakhtunkhwa,PK5,0.18970188131857824,120278.8731385488
Judba,PK53401,Tor Ghar,PK534,Khyber Pakhtunkhwa,PK5,-0.07657423077327771,144106.4311082214
Khander,PK53402,Tor Ghar,PK534,Khyber Pakhtunkhwa,PK5,-0.29478348814879174,142666.15522363037
Daggar,PK50501,Buner,PK505,Khyber Pakhtunkhwa,PK5,0.11574831491701847,365663.61552091315
Gagra,PK50502,Buner,PK505,Khyber Pakhtunkhwa,PK5,0.1073092583677579,260708.65074026212
Khado Khel,PK50503,Buner,PK505,Khyber Pakhtunkhwa,PK5,0.043360965176037235,145933.54986735806
Mandanr,PK50504,Buner,PK505,Khyber Pakhtunkhwa,PK5,0.18867330782600972,117945.53815545887
Ghazi,PK51101,Haripur,PK511,Khyber Pakhtunkhwa,PK5,0.2128271601356667,195648.54869298264
Katlang,PK52301,Mardan,PK523,Khyber Pakhtunkhwa,PK5,0.18503672669892587,277721.4587117769
Rustam,PK52304,Mardan,PK523,Khyber Pakhtunkhwa,PK5,0.35420641962701777,240391.11470963433
Garhi Kapura,PK52305,Mardan,PK523,Khyber Pakhtunkhwa,PK5,0.3139719514743856,371112.33682744205
Chakisar,PK52903,Shangla,PK529,Khyber Pakhtunkhwa,PK5,0.1048547626526806,103727.27405179292
Makhuzai,PK52904,Shangla,PK529,Khyber Pakhtunkhwa,PK5,-0.3136026915990481,30024.933166258037
Martoong,PK52905,Shangla,PK529,Khyber Pakhtunkhwa,PK5,-0.026320577605251964,102337.72728945687
Puran,PK52906,Shangla,PK529,Khyber Pakhtunkhwa,PK5,0.23536886310317445,94123.108494021
Swabi,PK53102,Swabi,PK531,Khyber Pakhtunkhwa,PK5,0.25222509576420427,470884.317765899
Topi,PK53103,Swabi,PK531,Khyber Pakhtunkhwa,PK5,0.17919106525532966,390136.19987271354
Razar,PK53104,Swabi,PK531,Khyber Pakhtunkhwa,PK5,0.3268401495906032,559999.7753255535
Babuzai,PK53201,Swat,PK532,Khyber Pakhtunkhwa,PK5,0.7392677105184755,789961.4738490917
Barikot,PK53203,Swat,PK532,Khyber Pakhtunkhwa,PK5,0.13844537441153698,180587.141341215
Charsadda,PK50601,Charsadda,PK506,Khyber Pakhtunkhwa,PK5,0.4972651358376893,833127.1737624537
Shabqadar,PK50602,Charsadda,PK506,Khyber Pakhtunkhwa,PK5,0.45684128553818054,514608.7241264023
Tangi,PK50603,Charsadda,PK506,Khyber Pakhtunkhwa,PK5,0.22275633615158097,456337.0929140784
Mardan,PK52302,Mardan,PK523,Khyber Pakhtunkhwa,PK5,0.8421828897395115,952761.5820515007
Takht Bhai,PK52303,Mardan,PK523,Khyber Pakhtunkhwa,PK5,0.3769034612695482,706382.759134654
Yaka Ghund,PK52408,Mohmand,PK524,Khyber Pakhtunkhwa,PK5,-0.2519734688267102,56902.02514249459
Nowshera,PK52601,Nowshera,PK526,Khyber Pakhtunkhwa,PK5,0.6648051558105254,763040.193661062
Pabbi,PK52602,Nowshera,PK526,Khyber Pakhtunkhwa,PK5,0.3798058340384458,329560.3795795068
Town-I,PK52801,Peshawar,PK528,Khyber Pakhtunkhwa,PK5,1.204252557229027,537936.261031501
Town-Ii,PK52802,Peshawar,PK528,Khyber Pakhtunkhwa,PK5,0.5132207589132485,805971.980760958
Town-Iii,PK52803,Peshawar,PK528,Khyber Pakhtunkhwa,PK5,0.9625244114066415,1486924.9312243843
Chitral,PK50701,Chitral Lower,PK507,Khyber Pakhtunkhwa,PK5,0.011055408774222142,198152.91906314902
Drosh,PK50702,Chitral Lower,PK507,Khyber Pakhtunkhwa,PK5,-0.04477341813594819,74026.58800026402
Lotkoh,PK50703,Chitral Lower,PK507,Khyber Pakhtunkhwa,PK5,-0.2710385668405965,51542.24606281519
Mastuj,PK50801,Chitral Upper,PK508,Khyber Pakhtunkhwa,PK5,-0.2784975543571442,82306.50978547707
Mulkhow,PK50802,Chitral Upper,PK508,Khyber Pakhtunkhwa,PK5,-0.1959187516298933,152128.0872300379
Bahrain,PK53202,Swat,PK532,Khyber Pakhtunkhwa,PK5,0.14365833140345965,75348.38256277144
Kalam,PK53206,Swat,PK532,Khyber Pakhtunkhwa,PK5,-0.17962385214602936,12796.68499020487
Barawal,PK53501,Upper Dir,PK535,Khyber Pakhtunkhwa,PK5,0.10024417027075926,116669.58565163612
Dir,PK53502,Upper Dir,PK535,Khyber Pakhtunkhwa,PK5,0.1992500252208208,247435.7270303741
Kalkot,PK53503,Upper Dir,PK535,Khyber Pakhtunkhwa,PK5,-0.18402807976578003,88142.0197204426
Shrengal,PK53505,Upper Dir,PK535,Khyber Pakhtunkhwa,PK5,-0.10963562527950786,55181.81031078845
Larjam,PK53507,Upper Dir,PK535,Khyber Pakhtunkhwa,PK5,-0.1577123420598476,92788.04253953695
Kandia,PK51602,Kohistan Upper,PK516,Khyber Pakhtunkhwa,PK5,-0.24695153712451293,70737.89511735737
D. I. Khan,PK50901,D. I. Khan,PK509,Khyber Pakhtunkhwa,PK5,0.39943549094285613,685039.3394961748
Daraban,PK50902,D. I. Khan,PK509,Khyber Pakhtunkhwa,PK5,-0.1068233828729994,93422.62914023362
Kulachi,PK50903,D. I. Khan,PK509,Khyber Pakhtunkhwa,PK5,-0.04528087501889303,171883.7187346872
Paharpur,PK50904,D. I. Khan,PK509,Khyber Pakhtunkhwa,PK5,-0.1523049586778968,372715.72480196133
Paroa,PK50905,D. I. Khan,PK509,Khyber Pakhtunkhwa,PK5,-0.09833768742905805,169304.39822043292
Ladha,PK53002,South Waziristan,PK530,Khyber Pakhtunkhwa,PK5,-0.2608569053157172,95246.77125646174
Serwakai,PK53005,South Waziristan,PK530,Khyber Pakhtunkhwa,PK5,-0.33094146989928963,39664.61670527235
Tank,PK53301,Tank,PK533,Khyber Pakhtunkhwa,PK5,-0.16195129672899686,417320.473971108
Jandola,PK53302,Tank,PK533,Khyber Pakhtunkhwa,PK5,-0.35039054974816614,28613.50885778293
Bhakkar,PK60401,Bhakkar,PK604,Punjab,PK6,-0.10360643671616271,673766.8823742159
Darya Khan,PK60402,Bhakkar,PK604,Punjab,PK6,-0.27771909757399066,392054.94907150045
Kalur Kot,PK60403,Bhakkar,PK604,Punjab,PK6,-0.27625580784712067,365758.48381680436
Mankera,PK60404,Bhakkar,PK604,Punjab,PK6,-0.3568391598663471,279010.9437370524
Taunsa,PK60704,Dera Ghazi Khan,PK607,Punjab,PK6,-0.1770078401150945,603712.0741697513
Karor Lal Esan,PK61802,Leiah,PK618,Punjab,PK6,-0.2677315837928841,641032.308619678
Isakhel,PK62101,Mianwali,PK621,Punjab,PK6,-0.12849818338996433,426453.44643070735
Piplan,PK62103,Mianwali,PK621,Punjab,PK6,0.11786886562539768,438698.9044908602
Hangu,PK51001,Hangu,PK510,Khyber Pakhtunkhwa,PK5,0.038464763350894375,265959.4233664125
Kohat,PK51401,Kohat,PK514,Khyber Pakhtunkhwa,PK5,0.7236889145028436,752466.528980596
Lachi,PK51402,Kohat,PK514,Khyber Pakhtunkhwa,PK5,-0.20221520128792186,133769.41792057827
Central Kurram,PK51801,Kurram,PK518,Khyber Pakhtunkhwa,PK5,-0.3653710056904463,267956.80463286117
Lower Kurram,PK51802,Kurram,PK518,Khyber Pakhtunkhwa,PK5,-0.18219026257651397,134182.0686519295
Central Orakzai,PK52701,Orakzai,PK527,Khyber Pakhtunkhwa,PK5,-0.3035635113299788,101968.32595670316
Ismailzai,PK52702,Orakzai,PK527,Khyber Pakhtunkhwa,PK5,-0.34856177833533947,51496.43342358619
Upper Orakzai,PK52704,Orakzai,PK527,Khyber Pakhtunkhwa,PK5,-0.3244599978663471,84422.04727587942
Darband,PK52205,Mansehra,PK522,Khyber Pakhtunkhwa,PK5,0.1354341798395566,59415.00387993641
Attock,PK60101,Attock,PK601,Punjab,PK6,0.5223971593246542,334227.223259951
Hazro,PK60104,Attock,PK601,Punjab,PK6,0.29278468178568096,495042.4912652904
Mianwali,PK62102,Mianwali,PK621,Punjab,PK6,0.009644643125934455,879727.9486035593
Bara,PK51301,Khyber,PK513,Khyber Pakhtunkhwa,PK5,-0.06423639809077444,441534.11747352034
Jamrud,PK51302,Khyber,PK513,Khyber Pakhtunkhwa,PK5,0.44387288332291963,70985.77581387572
Landi Kotal,PK51303,Khyber,PK513,Khyber Pakhtunkhwa,PK5,-0.04579801545750426,231900.82859046012
Mulagori,PK51304,Khyber,PK513,Khyber Pakhtunkhwa,PK5,-0.18835107479346244,43582.36820954643
Darra Adam Khel,PK51404,Kohat,PK514,Khyber Pakhtunkhwa,PK5,-0.06890357170089903,168809.63835301623
Halimzai,PK52403,Mohmand,PK524,Khyber Pakhtunkhwa,PK5,-0.05896961629584522,50370.448173055425
Khwazai,PK52404,Mohmand,PK524,Khyber Pakhtunkhwa,PK5,-0.3138942000452135,22724.865153132007
Lower Orakzai,PK52703,Orakzai,PK527,Khyber Pakhtunkhwa,PK5,-0.21225870591644852,76964.10181789566
Town-Iv,PK52804,Peshawar,PK528,Khyber Pakhtunkhwa,PK5,0.4518049334919699,675607.1517547444
Gumbat,PK51403,Kohat,PK514,Khyber Pakhtunkhwa,PK5,0.1306178844768279,97919.40842382424
Jehangira,PK52603,Nowshera,PK526,Khyber Pakhtunkhwa,PK5,0.232508755033586,440935.2588747274
Hassan Khel,PK52805,Peshawar,PK528,Khyber Pakhtunkhwa,PK5,0.0378344526946104,81604.99193849787
Jand,PK60105,Attock,PK601,Punjab,PK6,-0.163485351180609,382265.3191085439
Pindi Gheb,PK60106,Attock,PK601,Punjab,PK6,-0.09217450436584021,324855.7532276176
Tala Gang,PK60504,Chakwal,PK605,Punjab,PK6,-0.016481380173607757,611709.0464454666
Pattan,PK51501,Kohistan Lower,PK515,Khyber Pakhtunkhwa,PK5,0.22387805198271732,130781.14014710486
Bankad,PK51502,Kohistan Lower,PK515,Khyber Pakhtunkhwa,PK5,-0.18225683823850666,98467.23541557789
Dassu,PK51601,Kohistan Upper,PK516,Khyber Pakhtunkhwa,PK5,-0.34711437159130504,32578.115330189466
Seo,PK51604,Kohistan Upper,PK516,Khyber Pakhtunkhwa,PK5,-0.06847131452093534,171244.19195699692
Alpuri,PK52901,Shangla,PK529,Khyber Pakhtunkhwa,PK5,0.05958258570104304,322513.8855917379
Harban Basha,PK51603,Kohistan Upper,PK516,Khyber Pakhtunkhwa,PK5,-0.2513846175094034,41334.439880385995
Upper Kurram,PK51803,Kurram,PK518,Khyber Pakhtunkhwa,PK5,0.24151911805207701,293388.88458276354
Adenzai,PK52001,Lower Dir,PK520,Khyber Pakhtunkhwa,PK5,0.0010490027318636342,330677.8386995699
Kabal,PK53205,Swat,PK532,Khyber Pakhtunkhwa,PK5,0.20469245407519968,414158.30375333875
Matta Sebujni,PK53209,Swat,PK532,Khyber Pakhtunkhwa,PK5,0.05893534068211105,163484.62508578785
Khall,PK53504,Upper Dir,PK535,Khyber Pakhtunkhwa,PK5,0.002329570419759398,153055.20775541663
Wari,PK53506,Upper Dir,PK535,Khyber Pakhtunkhwa,PK5,-0.18360979727517643,249331.68105690926
Lahor,PK53101,Swabi,PK531,Khyber Pakhtunkhwa,PK5,0.2295921268027708,370040.2037615562
Data Khel,PK52501,North Waziristan,PK525,Khyber Pakhtunkhwa,PK5,-0.09508099791586268,173151.38955432922
Dossali,PK52502,North Waziristan,PK525,Khyber Pakhtunkhwa,PK5,-0.24350579264921082,30292.045757142827
Ghulam Khan,PK52504,North Waziristan,PK525,Khyber Pakhtunkhwa,PK5,-0.1885651253375263,14318.672477095388
Miran Shah,PK52506,North Waziristan,PK525,Khyber Pakhtunkhwa,PK5,0.05697724367169808,129418.38659230247
Razmak,PK52507,North Waziristan,PK525,Khyber Pakhtunkhwa,PK5,0.007492046021168415,5784.986923944205
Shawal,PK52510,North Waziristan,PK525,Khyber Pakhtunkhwa,PK5,-0.15197905355218122,5300.8838903279975
Birmal,PK53001,South Waziristan,PK530,Khyber Pakhtunkhwa,PK5,-0.34936200907028353,87364.84827185795
Makin,PK53003,South Waziristan,PK530,Khyber Pakhtunkhwa,PK5,-0.27470871515809775,53505.1677758554
Tiarza,PK53006,South Waziristan,PK530,Khyber Pakhtunkhwa,PK5,-0.2588794921784947,65196.75622275658
Charbagh,PK53204,Swat,PK532,Khyber Pakhtunkhwa,PK5,-0.0970926772591226,97222.54591395333
Khwaza Khela,PK53207,Swat,PK532,Khyber Pakhtunkhwa,PK5,0.2771512277042823,195606.44770653173
Matta Kharirai,PK53208,Swat,PK532,Khyber Pakhtunkhwa,PK5,0.19830887472146755,272650.59289600886
Chakwal,PK60501,Chakwal,PK605,Punjab,PK6,0.21471654078632868,803044.1250253953
Bahawalnagar,PK60201,Bahawalnagar,PK602,Punjab,PK6,0.16023212005621457,893647.3244565148
Chishtian,PK60202,Bahawalnagar,PK602,Punjab,PK6,0.14582548324632896,828576.2455822919
Fort Abbas,PK60203,Bahawalnagar,PK602,Punjab,PK6,-0.014253327542535627,476973.8274175776
Haroonabad,PK60204,Bahawalnagar,PK602,Punjab,PK6,-0.12460142680805092,628425.976480497
Minchinabad,PK60205,Bahawalnagar,PK602,Punjab,PK6,-0.07529653024996111,583594.1800232343
Hasilpur,PK60303,Bahawalpur,PK603,Punjab,PK6,0.2812966958640947,522064.3412619382
Khairpur Tamewali,PK60304,Bahawalpur,PK603,Punjab,PK6,-0.1084951421726757,310030.464261543
Yazman,PK60305,Bahawalpur,PK603,Punjab,PK6,-0.17955789277593487,666189.2741118725
Mian Channu,PK61504,Khanewal,PK615,Punjab,PK6,0.17388871516317259,1021431.1154003516
Depalpur,PK62601,Okara,PK626,Punjab,PK6,0.12154631554747186,1692491.594618963
Arif Wala,PK62701,Pakpattan,PK627,Punjab,PK6,0.06919344028040249,997417.9846249819
Pakpattan,PK62702,Pakpattan,PK627,Punjab,PK6,0.1483169178527397,1134965.6704386193
Chichawatni,PK63101,Sahiwal,PK631,Punjab,PK6,-0.049754502593313855,1297046.7056790162
Burewala,PK63601,Vehari,PK636,Punjab,PK6,-0.0733135006351759,1206774.9707581606
Mailsi,PK63602,Vehari,PK636,Punjab,PK6,0.02908383237527097,1153507.3517992757
Vehari,PK63603,Vehari,PK636,Punjab,PK6,0.06145667996033572,1092634.2698941529
Ahmadpur East,PK60301,Bahawalpur,PK603,Punjab,PK6,-0.028751290775198394,1185545.3349612597
Bahawalpur,PK60302,Bahawalpur,PK603,Punjab,PK6,0.4049151933797743,1338218.7633124013
Dunyapur,PK61901,Lodhran,PK619,Punjab,PK6,-0.1001339542092973,564696.7948394045
Kahror Pacca,PK61902,Lodhran,PK619,Punjab,PK6,-0.04738731315468208,589943.3681272119
Lodhran,PK61903,Lodhran,PK619,Punjab,PK6,0.00986803720956485,783993.6626221035
Jalalpur Pirwala,PK62201,Multan,PK622,Punjab,PK6,-0.14566126493403414,597030.6806512661
Multan Saddar,PK62203,Multan,PK622,Punjab,PK6,0.1316829371210269,1354087.81817084
Shujabad,PK62204,Multan,PK622,Punjab,PK6,-0.2171727611170519,703891.3155534808
Alipur,PK62301,Muzaffargarh,PK623,Punjab,PK6,0.01952916668944925,621318.6498806141
Jatoi,PK62302,Muzaffargarh,PK623,Punjab,PK6,-0.2594532536774631,752759.8888621908
Muzaffargarh,PK62304,Muzaffargarh,PK623,Punjab,PK6,-0.038857226263150836,1623767.763452813
Liaqatpur,PK62802,Rahim Yar Khan,PK628,Punjab,PK6,-0.12207389376443632,1166911.445258174
Jhang,PK61202,Jhang,PK612,Punjab,PK6,0.14274489975116939,1665365.790967511
Athara Hazari,PK61204,Jhang,PK612,Punjab,PK6,-0.2746951187787436,321666.0712574795
Khushab,PK61601,Khushab,PK616,Punjab,PK6,-0.014154768855427262,860788.358544318
Noorpur,PK61603,Khushab,PK616,Punjab,PK6,-0.4046345839238051,285834.6177091934
Quaidabad,PK61604,Khushab,PK616,Punjab,PK6,-0.04641994482498245,239808.24176906887
Choubara,PK61801,Leiah,PK618,Punjab,PK6,-0.49513861740640436,265923.2694976982
Choa Saidan Shah,PK60502,Chakwal,PK605,Punjab,PK6,0.1525691174713912,176796.86812813953
Kallar Kahar,PK60503,Chakwal,PK605,Punjab,PK6,0.08272503535338356,188542.61622752808
Pind Dadan Khan,PK61303,Jhelum,PK613,Punjab,PK6,0.03662495489039155,423705.57576207444
Sohawa,PK61304,Jhelum,PK613,Punjab,PK6,-0.013895330424399492,252600.1113150157
Naushera,PK61602,Khushab,PK616,Punjab,PK6,-0.26395798473567017,115844.30060642958
Malakwal,PK62001,Mandi Bahauddin,PK620,Punjab,PK6,-0.09160642626166654,488048.69118208066
Gujar Khan,PK63001,Rawalpindi,PK630,Punjab,PK6,0.2675709822705385,813488.6042705663
Bhera,PK63207,Sargodha,PK632,Punjab,PK6,0.14387051984107915,397614.85980139486
Bhawana,PK60601,Chiniot,PK606,Punjab,PK6,-0.22043086245098711,465326.4585579932
Chiniot,PK60602,Chiniot,PK606,Punjab,PK6,0.481839963329349,596979.3679477628
Lalian,PK60603,Chiniot,PK606,Punjab,PK6,-0.10347747307150051,535330.8750927597
Chak Jhumra,PK60801,Faisalabad,PK608,Punjab,PK6,0.09579753098847611,416179.48803636245
Faisalabad City,PK60802,Faisalabad,PK608,Punjab,PK6,1.1438929151210808,4280732.306999853
Faisalabad Sadar,PK60803,Faisalabad,PK608,Punjab,PK6,0.5350180341916877,1593739.955206234
Jaranwala,PK60804,Faisalabad,PK608,Punjab,PK6,0.19458268373757526,1707876.5576240513
Pindi Bhattian,PK61102,Hafizabad,PK611,Punjab,PK6,0.1164430618794502,575723.1423649751
Kot Momin,PK63202,Sargodha,PK632,Punjab,PK6,-0.08884143404583134,527047.5995505713
Sahiwal,PK63203,Sargodha,PK632,Punjab,PK6,-0.15542816408942015,395642.7726747263
Sargodha,PK63204,Sargodha,PK632,Punjab,PK6,0.5584042734193387,1788160.2608705312
Sillanwali,PK63206,Sargodha,PK632,Punjab,PK6,-0.030563657970240205,417055.20584969036
Dera Ghazi Khan,PK60702,Dera Ghazi Khan,PK607,Punjab,PK6,0.2037889445342072,1178724.037051851
Kot Chatta,PK60703,Dera Ghazi Khan,PK607,Punjab,PK6,-0.022632662170555706,725789.9687562101
Leiah,PK61803,Leiah,PK618,Punjab,PK6,-0.24706412363556804,978553.8152821641
Kot Addu,PK62303,Muzaffargarh,PK623,Punjab,PK6,-0.3347602626744932,1337615.0429779608
Summundri,PK60805,Faisalabad,PK608,Punjab,PK6,-0.12614987721213056,848946.2310089506
Tandlian Wala,PK60806,Faisalabad,PK608,Punjab,PK6,-0.04654508655675079,898087.5222966969
Pattoki,PK61404,Kasur,PK614,Punjab,PK6,0.25473383002594163,1050358.4790371694
Nankana Sahib,PK62401,Nankana Sahib,PK624,Punjab,PK6,0.04506659538447926,1136692.0661167316
Sangla Hill,PK62402,Nankana Sahib,PK624,Punjab,PK6,0.08549741537431678,314109.49115903676
Shah Kot,PK62403,Nankana Sahib,PK624,Punjab,PK6,0.182849148113316,320935.82484992594
Okara,PK62602,Okara,PK626,Punjab,PK6,0.5116300115579118,1436321.5133233443
Renala Khurd,PK62603,Okara,PK626,Punjab,PK6,0.08110984121487183,582843.5886106417
Sahiwal,PK63102,Sahiwal,PK631,Punjab,PK6,0.3803100872118985,1750181.1299790367
Safdarabad,PK63303,Sheikhupura,PK633,Punjab,PK6,-0.008486168350866801,337130.05192551017
Sheikhupura,PK63305,Sheikhupura,PK633,Punjab,PK6,0.5759384511864061,1736645.945065122
Gojra,PK63501,Toba Tek Singh,PK635,Punjab,PK6,0.061562761955074194,808428.8033524659
Kamalia,PK63502,Toba Tek Singh,PK635,Punjab,PK6,0.049791121863931136,679751.9098767098
Toba Tek Singh,PK63503,Toba Tek Singh,PK635,Punjab,PK6,0.030633744570570606,870645.0150743108
Gujranwala,PK60901,Gujranwala,PK609,Punjab,PK6,0.8888024183195378,3195596.836669339
Kamoke,PK60902,Gujranwala,PK609,Punjab,PK6,0.4386033904176664,665596.6246542633
Nowshera Virkan,PK60903,Gujranwala,PK609,Punjab,PK6,0.2373839719929409,701300.5800866559
Wazirabad,PK60904,Gujranwala,PK609,Punjab,PK6,0.42914860314050707,1062079.3385560084
Gujrat,PK61001,Gujrat,PK610,Punjab,PK6,0.5874460747410146,1812673.3473379128
Kharian,PK61002,Gujrat,PK610,Punjab,PK6,0.4232330760581796,1299897.360481847
Hafizabad,PK61101,Hafizabad,PK611,Punjab,PK6,0.4324122252469064,800340.5880716592
Mandi Bahauddin,PK62002,Mandi Bahauddin,PK620,Punjab,PK6,0.32186446694771687,772513.2913610544
Phalia,PK62003,Mandi Bahauddin,PK620,Punjab,PK6,0.2060117935293146,661754.3529863339
Ferozewala,PK63301,Sheikhupura,PK633,Punjab,PK6,0.6467951874802431,964679.8010148294
Muridke,PK63302,Sheikhupura,PK633,Punjab,PK6,0.4519465957694244,507785.74311029725
Daska,PK63401,Sialkot,PK634,Punjab,PK6,0.6802251818058048,976046.4861447196
Pasrur,PK63402,Sialkot,PK634,Punjab,PK6,0.5015195461823929,1009723.5171502093
Sambrial,PK63403,Sialkot,PK634,Punjab,PK6,0.636513792577793,503863.4952165801
Sialkot,PK63404,Sialkot,PK634,Punjab,PK6,1.0326116743996765,2015287.7419697382
Sarai Alamgir,PK61003,Gujrat,PK610,Punjab,PK6,0.3759425448212772,311424.4000755204
Dina,PK61301,Jhelum,PK613,Punjab,PK6,0.4306021448488403,332601.73618633114
Jhelum,PK61302,Jhelum,PK613,Punjab,PK6,0.5673747658251213,530533.7963476004
Ahmadpur Sial,PK61201,Jhang,PK612,Punjab,PK6,-0.21964849323840496,365387.373548422
Shorkot,PK61203,Jhang,PK612,Punjab,PK6,-0.13227282064183807,742057.6633935627
Kabirwala,PK61502,Khanewal,PK615,Punjab,PK6,-0.16296411308300582,1095837.3403718285
Pir Mahal,PK63504,Toba Tek Singh,PK635,Punjab,PK6,0.04291160156500167,315716.45894550905
Bhalwal,PK63201,Sargodha,PK632,Punjab,PK6,0.1520568669460264,438229.4835123271
Chunian,PK61401,Kasur,PK614,Punjab,PK6,0.03850191076727608,952373.8995970469
Kasur,PK61402,Kasur,PK614,Punjab,PK6,0.34796004767843913,1339699.7886505798
Kot Radha Kishen,PK61403,Kasur,PK614,Punjab,PK6,0.3539419218205356,588217.4326716401
Lahore Cantt,PK61701,Lahore,PK617,Punjab,PK6,0.9540831252626687,7132502.026303143
Lahore City,PK61702,Lahore,PK617,Punjab,PK6,0.9128508592329132,5195861.603278169
Sharak Pur,PK63304,Sheikhupura,PK633,Punjab,PK6,0.312091810410294,188802.3697335273
Jahanian,PK61501,Khanewal,PK615,Punjab,PK6,0.11289431747598842,413227.8996738214
Khanewal,PK61503,Khanewal,PK615,Punjab,PK6,0.32466517697872843,894147.9958833158
Multan City,PK62202,Multan,PK622,Punjab,PK6,0.9545194350267164,2502937.3929232117
Shahpur,PK63205,Sargodha,PK632,Punjab,PK6,-0.1602712418040018,447273.9154578019
Khanpur,PK62801,Rahim Yar Khan,PK628,Punjab,PK6,0.10426701182503034,1135107.45378064
Rajanpur,PK62902,Rajanpur,PK629,Punjab,PK6,0.028210495622697028,655042.8767243028
Narowal,PK62501,Narowal,PK625,Punjab,PK6,0.14676741920047892,674030.7602555957
Shakargarh,PK62502,Narowal,PK625,Punjab,PK6,0.15337407825028046,818421.7926318273
Zafarwal,PK62503,Narowal,PK625,Punjab,PK6,0.06367235709154834,601108.4240459129
Rahim Yar Khan,PK62803,Rahim Yar Khan,PK628,Punjab,PK6,0.29569125705550264,1630423.8743266333
Sadiqabad,PK62804,Rahim Yar Khan,PK628,Punjab,PK6,0.2662606206480688,1286351.4880262632
Daharki,PK70501,Ghotki,PK705,Sindh,PK7,-0.015410582042643759,325850.614702614
Ghotki,PK70502,Ghotki,PK705,Sindh,PK7,0.023871861109450505,470745.37002525106
Khangarh,PK70503,Ghotki,PK705,Sindh,PK7,-0.20033477882699624,146338.71718719788
Mirpur Mathelo,PK70504,Ghotki,PK705,Sindh,PK7,-0.321074541247931,270545.7008869089
Ubauro,PK70505,Ghotki,PK705,Sindh,PK7,-0.18930940016298373,326960.9361551069
Badin,PK70101,Badin,PK701,Sindh,PK7,-0.255580316646168,459815.5858907886
Matli,PK70102,Badin,PK701,Sindh,PK7,-0.21197422936934818,452476.24219610915
Shaheed Fazil Rahu,PK70103,Badin,PK701,Sindh,PK7,-0.39528491230534524,308652.0994371958
Talhar,PK70104,Badin,PK701,Sindh,PK7,-0.4783301279811862,149465.09187192097
Tando Bago,PK70105,Badin,PK701,Sindh,PK7,-0.42253119751983015,392615.6483118199
Hyderabad,PK70601,Hyderabad,PK706,Sindh,PK7,0.4608596419929563,537638.6014643312
Latifabad,PK70603,Hyderabad,PK706,Sindh,PK7,0.27681918105341413,58025.330842938274
Digri,PK71601,Mirpur Khas,PK716,Sindh,PK7,-0.23797267326767607,241346.92050695047
Jhudo,PK71603,Mirpur Khas,PK716,Sindh,PK7,-0.3365230776424569,219436.65199247748
Kot Ghulam Muhammad,PK71604,Mirpur Khas,PK716,Sindh,PK7,-0.36163222550020774,283443.3130973056
Jati,PK72201,Sujawal,PK722,Sindh,PK7,-0.4713087315518598,198597.5793420449
Mirpur Bathoro,PK72203,Sujawal,PK722,Sindh,PK7,-0.3101161070719219,239077.96101798862
Chamber,PK72401,Tando Allahyar,PK724,Sindh,PK7,-0.31688938595107635,196343.8889114149
Bulri Shah Karim,PK72501,Tando Muhammad Khan,PK725,Sindh,PK7,-0.4664801445792517,244182.8898524344
Tando Ghulam Hyder,PK72502,Tando Muhammad Khan,PK725,Sindh,PK7,-0.2780301344440492,201262.76866190135
Tando Muhammad Khan,PK72503,Tando Muhammad Khan,PK725,Sindh,PK7,0.1216816615796811,261310.67620954663
Diplo,PK72603,Tharparkar,PK726,Sindh,PK7,-0.35994451004317796,113454.90056219138
Kaloi,PK72607,Tharparkar,PK726,Sindh,PK7,-0.19392693873085,144246.38520087674
Thatta,PK72704,Thatta,PK727,Sindh,PK7,-0.11943854028287576,403001.88993411884
Dadu,PK70301,Dadu,PK703,Sindh,PK7,0.1575275372687501,505118.38148510456
Mehar,PK70304,Dadu,PK703,Sindh,PK7,-0.07365499156863962,498764.1788010262
Manjhand,PK70802,Jamshoro,PK708,Sindh,PK7,-0.20807112796756175,68855.81126655266
Sehwan Sharif,PK70803,Jamshoro,PK708,Sindh,PK7,0.09144924823948311,271999.58651060984
Nasir Abad,PK70902,Kambar Shahdad Kot,PK709,Sindh,PK7,-0.04006506674990971,200349.87190922722
Warah,PK70907,Kambar Shahdad Kot,PK709,Sindh,PK7,-0.04728494395624047,280702.28664460033
Baqrani,PK71301,Larkana,PK713,Sindh,PK7,-0.121930632521496,287378.36407672614
Dokri,PK71302,Larkana,PK713,Sindh,PK7,-0.10041590732415749,239355.5761191845
Bhiria,PK71701,Naushahro Feroze,PK717,Sindh,PK7,-0.28482890256558324,300956.6171000302
Kandiaro,PK71702,Naushahro Feroze,PK717,Sindh,PK7,-0.3491203677342354,327475.93254523724
Moro,PK71704,Naushahro Feroze,PK717,Sindh,PK7,0.15923539913105683,420744.842066057
Naushahro Feroze,PK71705,Naushahro Feroze,PK717,Sindh,PK7,-0.1358182891817495,379411.2109439485
Daulat Pur,PK71901,Shaheed Benazir Abad,PK719,Sindh,PK7,-0.1601063914827606,398950.10088671744
Sakrand,PK71904,Shaheed Benazir Abad,PK719,Sindh,PK7,-0.033798906433460944,453849.3547580559
Korangi Town,PK71201,Korangi Karachi,PK712,Sindh,PK7,1.0620190463406305,1226637.9403260462
Landhi Town,PK71202,Korangi Karachi,PK712,Sindh,PK7,0.8509905479452311,453597.872579433
Shah Faisal Town,PK71203,Korangi Karachi,PK712,Sindh,PK7,0.9307266105111934,284062.3903345652
Liyari Town,PK72102,South Karachi,PK721,Sindh,PK7,0.8510631935331981,1511618.3573430926
Saddar Town,PK72103,South Karachi,PK721,Sindh,PK7,1.1257693845883237,2629822.709058378
Kandh Kot,PK71001,Kashmore,PK710,Sindh,PK7,0.1639904782564866,360866.4262115415
Pano Aqil,PK72302,Sukkur,PK723,Sindh,PK7,0.172437506405562,417955.6870994717
Rohri,PK72303,Sukkur,PK723,Sindh,PK7,0.1916949158614281,289552.3146273382
Salehpat,PK72304,Sukkur,PK723,Sindh,PK7,-0.22771348610119044,123824.18676177785
Hyderabad City,PK70602,Hyderabad,PK706,Sindh,PK7,1.1337449826507175,2010423.8633985035
Qasimabad,PK70604,Hyderabad,PK706,Sindh,PK7,0.8456664225496947,151833.87051751092
Kotri,PK70801,Jamshoro,PK708,Sindh,PK7,0.5022203559664853,414181.3540247679
Matiari,PK71502,Matiari,PK715,Sindh,PK7,-0.19470796905881005,404096.73670776933
Tando Allahyar,PK72403,Tando Allahyar,PK724,Sindh,PK7,0.3687635650680392,378064.59251795337
Sijawal Junejo,PK70906,Kambar Shahdad Kot,PK709,Sindh,PK7,-0.2048358255885915,122949.68732830137
Khanpur,PK72002,Shikarpur,PK720,Sindh,PK7,-0.23515171729421327,290899.09456786327
Lakhi,PK72003,Shikarpur,PK720,Sindh,PK7,-0.08978139662350543,315246.3567772433
Hala,PK71501,Matiari,PK715,Sindh,PK7,-0.009734482991527156,203125.08335117996
Saeedabad,PK71503,Matiari,PK715,Sindh,PK7,-0.10443417308591149,185756.14913653955
Shahdadpur,PK71804,Sanghar,PK718,Sindh,PK7,0.09515635895107412,503157.54211668484
Daur,PK71902,Shaheed Benazir Abad,PK719,Sindh,PK7,-0.2858189857202918,451423.399198642
Nawabshah,PK71903,Shaheed Benazir Abad,PK719,Sindh,PK7,0.38769648023774256,435917.29960075207
Meero Khan,PK70901,Kambar Shahdad Kot,PK709,Sindh,PK7,-0.18879693277686105,158320.37055759504
Larkana,PK71303,Larkana,PK713,Sindh,PK7,0.7054936141801776,713393.0865316354
Faiz Ganj,PK71101,Khairpur,PK711,Sindh,PK7,-0.14817469252719467,235353.2343618907
Gambat,PK71102,Khairpur,PK711,Sindh,PK7,-0.21574486828806028,261719.06597002596
Khairpur,PK71103,Khairpur,PK711,Sindh,PK7,0.4126255254520395,447280.9111750163
Kingri,PK71104,Khairpur,PK711,Sindh,PK7,-0.040445330678925195,346758.69871731475
Kot Diji,PK71105,Khairpur,PK711,Sindh,PK7,-0.23579019000475535,357611.9445171803
Nara,PK71106,Khairpur,PK711,Sindh,PK7,-0.27631925467688817,148269.2666295115
Sobho Dero,PK71107,Khairpur,PK711,Sindh,PK7,-0.1721956516886881,294412.22718688473
Thari Meer Wah,PK71108,Khairpur,PK711,Sindh,PK7,-0.16876376739452603,354914.4052500576
Mehrab Pur,PK71703,Naushahro Feroze,PK717,Sindh,PK7,-0.30060589358635775,304154.2251800671
Khipro,PK71802,Sanghar,PK718,Sindh,PK7,-0.30475922923469684,381151.6376546044
Sanghar,PK71803,Sanghar,PK718,Sindh,PK7,-0.1340775025282163,421730.1539263539
Sinjhoro,PK71805,Sanghar,PK718,Sindh,PK7,-0.35756976975810917,317792.08983355574
New Sukkur,PK72301,Sukkur,PK723,Sindh,PK7,0.27765285225404096,66280.52719394118
Sukkur,PK72305,Sukkur,PK723,Sindh,PK7,0.7359033451067751,675602.9943278283
Mirpur Sakro,PK72703,Thatta,PK727,Sindh,PK7,-0.21541980840500868,306660.4102217965
Tando Adam,PK71806,Sanghar,PK718,Sindh,PK7,0.4145622788437114,367299.51296978444
Jhando Mari,PK72402,Tando Allahyar,PK724,Sindh,PK7,-0.2218495845904821,209793.7697857879
Hussain Bux Muree,PK71602,Mirpur Khas,PK716,Sindh,PK7,-0.34675705378387217,109772.5595115386
Mirpur Khas,PK71605,Mirpur Khas,PK716,Sindh,PK7,0.5409490348368693,374233.3658590242
Shuja Abad,PK71606,Mirpur Khas,PK716,Sindh,PK7,-0.359902862790452,131595.55914761126
Sindhri,PK71607,Mirpur Khas,PK716,Sindh,PK7,-0.3894416606878438,207724.6660428904
Jam Nawaz Ali,PK71801,Sanghar,PK718,Sindh,PK7,-0.39735346785699416,142309.81168862619
Mithi,PK72605,Tharparkar,PK726,Sindh,PK7,-0.11205591486815188,258069.67235927656
Kunri,PK72801,Umer Kot,PK728,Sindh,PK7,-0.1281931520261795,253520.67416549847
Pithoro,PK72802,Umer Kot,PK728,Sindh,PK7,-0.39012891812838846,124238.4859553203
Samaro,PK72803,Umer Kot,PK728,Sindh,PK7,-0.39312233189102547,179788.66598543897
Dahli,PK72602,Tharparkar,PK726,Sindh,PK7,-0.24183724718253521,215415.42959908023
Umer Kot,PK72804,Umer Kot,PK728,Sindh,PK7,0.08831576535405071,496289.42028934136
Kharo Chan,PK72202,Sujawal,PK722,Sindh,PK7,-0.33164385116945855,41917.96567712352
Shah Bunder,PK72204,Sujawal,PK722,Sindh,PK7,-0.23687391682892886,157747.79622045718
Sujawal,PK72205,Sujawal,PK722,Sindh,PK7,-0.24328209589937316,203095.55158484913
Ghorabari,PK72701,Thatta,PK727,Sindh,PK7,-0.4289799057007412,168234.8621405214
Keti Bunder,PK72702,Thatta,PK727,Sindh,PK7,-0.5314674479333439,39395.2097456865
Chachro,PK72601,Tharparkar,PK726,Sindh,PK7,-0.32291349390724955,283440.6864733994
Islam Kot,PK72604,Tharparkar,PK726,Sindh,PK7,-0.3588229193423901,191567.8126640208
Nagar Parkar,PK72606,Tharparkar,PK726,Sindh,PK7,-0.34636969706679743,241921.5650685504
